<<<<<<< HEAD
<?xml version="1.0" encoding="UTF-8" standalone="yes"?>
<addon id="local.repo" name="[COLOR coral]Local Repo[/COLOR]" version="1.00.01" provider-name="Circero">
    <extension point="xbmc.addon.repository" name="Local Repo">
        <info compressed="false">https://raw.githubusercontent.com/circero/local.repo/zips/addons.xml</info>
        <checksum>https://raw.githubusercontent.com/circero/local.repo/zips/addons.xml.md5</checksum>
        <datadir zip="true">https://raw.githubusercontent.com/circero/local.repo/zips/</datadir>
    </extension>
    <extension point="xbmc.addon.metadata">
        <summary></summary>
        <description></description>
        <platform>all</platform>
    </extension>
</addon>

=======
<?xml version="1.0" encoding="UTF-8"?>
    <addon id="local.repo" name="[COLOR coral]Local Repo[/COLOR]" version="1.00.01" provider-name="Circero">
        <extension point="xbmc.addon.repository">
            <info compressed="false">https://circero.github.io/local.repo/zips/addons.xml</info>
            <checksum>https://circero.github.io/local.repo/zips/addons.xml.md5</checksum>
            <datadir zip="true">https://circero.github.io/local.repo/zips/</datadir>
        </extension>
        <extension point="xbmc.addon.metadata">
            <summary>random trials, my 1st repo</summary>
            <description>Download and install addons</description>
            <platform>all</platform>
         </extension>
   </addon>
>>>>>>> 2eb4f173641132d8414c948132c30c308dc125a2
